aleliz.xyz/about/,https://josetejero.com/sobre-mi,301,TRUE,FALSE,FALSE,FALSE
aleliz.xyz/about,https://josetejero.com/sobre-mi,301,TRUE,FALSE,FALSE,FALSE
aleliz.xyz/blog/,https://josetejero.com/blog,301,TRUE,FALSE,FALSE,FALSE
aleliz.xyz/blog,https://josetejero.com/blog,301,TRUE,FALSE,FALSE,FALSE
aleliz.xyz/blog/claves-ssh-y-creacion-de-usuarios-en-linux/,https://josetejero.com/blog/claves-ssh-y-creacion-de-usuarios-en-linux,301,TRUE,FALSE,FALSE,FALSE
aleliz.xyz/blog/claves-ssh-y-creacion-de-usuarios-en-linux,https://josetejero.com/blog/claves-ssh-y-creacion-de-usuarios-en-linux,301,TRUE,FALSE,FALSE,FALSE
aleliz.xyz/blog/configurar-laravel-con-jetstream-inertia-vue/,https://josetejero.com/blog/crear-un-proyecto-con-php-mysql-laravel-jetstream-inertia-vue-js,301,TRUE,FALSE,FALSE,FALSE
aleliz.xyz/blog/configurar-laravel-con-jetstream-inertia-vue,https://josetejero.com/blog/crear-un-proyecto-con-php-mysql-laravel-jetstream-inertia-vue-js,301,TRUE,FALSE,FALSE,FALSE
aleliz.xyz/blog/configurar-laravel-con-jetstream-inertia-vue/configurar-laravel-con-jetstream-inertia-y-vue/,https://josetejero.com/blog/crear-un-proyecto-con-php-mysql-laravel-jetstream-inertia-vue-js-librerias,301,TRUE,FALSE,FALSE,FALSE
aleliz.xyz/blog/configurar-laravel-con-jetstream-inertia-vue/configurar-laravel-con-jetstream-inertia-y-vue,https://josetejero.com/blog/crear-un-proyecto-con-php-mysql-laravel-jetstream-inertia-vue-js-librerias,301,TRUE,FALSE,FALSE,FALSE
aleliz.xyz/blog/configurar-laravel-con-jetstream-inertia-vue/instalar-herramientas-base/,https://josetejero.com/blog/crear-un-proyecto-con-php-mysql-laravel-jetstream-inertia-vue-js-herramientas-base,301,TRUE,FALSE,FALSE,FALSE
aleliz.xyz/blog/configurar-laravel-con-jetstream-inertia-vue/instalar-herramientas-base,https://josetejero.com/blog/crear-un-proyecto-con-php-mysql-laravel-jetstream-inertia-vue-js-herramientas-base,301,TRUE,FALSE,FALSE,FALSE
aleliz.xyz/blog/crear-proyecto-react/,https://josetejero.com/blog/guia-para-crear-proyecto-react-clean-architecture,301,TRUE,FALSE,FALSE,FALSE
aleliz.xyz/blog/crear-proyecto-react,https://josetejero.com/blog/guia-para-crear-proyecto-react-clean-architecture,301,TRUE,FALSE,FALSE,FALSE
aleliz.xyz/blog/git-merge-deploy/,https://josetejero.com/blog/git-merge-deploy-que-metodologia-seguir-para-ser-un-pro-devops,301,TRUE,FALSE,FALSE,FALSE
aleliz.xyz/blog/git-merge-deploy,https://josetejero.com/blog/git-merge-deploy-que-metodologia-seguir-para-ser-un-pro-devops,301,TRUE,FALSE,FALSE,FALSE
aleliz.xyz/blog/git-merge-deploy/branching-estrategico/,https://josetejero.com/blog/branching-estrategico,301,TRUE,FALSE,FALSE,FALSE
aleliz.xyz/blog/git-merge-deploy/branching-estrategico,https://josetejero.com/blog/branching-estrategico,301,TRUE,FALSE,FALSE,FALSE
aleliz.xyz/blog/git-merge-deploy/branching-estrategico/flujo-basico-de-una-feature-usando-git-flow/,https://josetejero.com/blog/flujo-basico-de-una-feature-usando-git-flow-con-ejemplos-vanilla,301,TRUE,FALSE,FALSE,FALSE
aleliz.xyz/blog/git-merge-deploy/branching-estrategico/flujo-basico-de-una-feature-usando-git-flow,https://josetejero.com/blog/flujo-basico-de-una-feature-usando-git-flow-con-ejemplos-vanilla,301,TRUE,FALSE,FALSE,FALSE
aleliz.xyz/blog/git-merge-deploy/pull-or-merge-requests/,https://josetejero.com/blog/pull-requests-pr-merge-requests-mr,301,TRUE,FALSE,FALSE,FALSE
aleliz.xyz/blog/git-merge-deploy/pull-or-merge-requests,https://josetejero.com/blog/pull-requests-pr-merge-requests-mr,301,TRUE,FALSE,FALSE,FALSE
aleliz.xyz/blog/git-merge-deploy/pull-or-merge-requests/pr-mr-git-nativo-o-invencion-de-las-plataformas/,https://josetejero.com/blog/pull-requests-y-merge-requests-git-nativo-o-invencion-de-las-plataformas,301,TRUE,FALSE,FALSE,FALSE
aleliz.xyz/blog/git-merge-deploy/pull-or-merge-requests/pr-mr-git-nativo-o-invencion-de-las-plataformas,https://josetejero.com/blog/pull-requests-y-merge-requests-git-nativo-o-invencion-de-las-plataformas,301,TRUE,FALSE,FALSE,FALSE
aleliz.xyz/blog/git-merge-deploy/pull-or-merge-requests/pr-or-mr-vs-direct-merge/,https://josetejero.com/blog/diferencias-entre-merge-directo-y-usar-el-proceso-de-prmr,301,TRUE,FALSE,FALSE,FALSE
aleliz.xyz/blog/git-merge-deploy/pull-or-merge-requests/pr-or-mr-vs-direct-merge,https://josetejero.com/blog/diferencias-entre-merge-directo-y-usar-el-proceso-de-prmr,301,TRUE,FALSE,FALSE,FALSE
aleliz.xyz/blog/guia-rapida-de-cron-para-administradores-de-servidores-linux/,https://josetejero.com/blog/guia-rapida-de-cron-para-administradores-de-servidores-linux,301,TRUE,FALSE,FALSE,FALSE
aleliz.xyz/blog/guia-rapida-de-cron-para-administradores-de-servidores-linux,https://josetejero.com/blog/guia-rapida-de-cron-para-administradores-de-servidores-linux,301,TRUE,FALSE,FALSE,FALSE
aleliz.xyz/blog/guia-rapida-de-systemctl-para-administradores-de-servidores-linux/,https://josetejero.com/blog/guia-rapida-de-systemctl-para-administradores-de-servidores,301,TRUE,FALSE,FALSE,FALSE
aleliz.xyz/blog/guia-rapida-de-systemctl-para-administradores-de-servidores-linux,https://josetejero.com/blog/guia-rapida-de-systemctl-para-administradores-de-servidores,301,TRUE,FALSE,FALSE,FALSE
aleliz.xyz/blog/openclaw/como-instalar-openclaw-en-una-vps/,https://josetejero.com/blog/como-instalar-openclaw-en-una-vps,301,TRUE,FALSE,FALSE,FALSE
aleliz.xyz/blog/openclaw/como-instalar-openclaw-en-una-vps,https://josetejero.com/blog/como-instalar-openclaw-en-una-vps,301,TRUE,FALSE,FALSE,FALSE
aleliz.xyz/blog/openclaw/conectar-api-notion-openclaw/,https://josetejero.com/blog/conectar-api-notion-openclaw,301,TRUE,FALSE,FALSE,FALSE
aleliz.xyz/blog/openclaw/conectar-api-notion-openclaw,https://josetejero.com/blog/conectar-api-notion-openclaw,301,TRUE,FALSE,FALSE,FALSE
aleliz.xyz/blog/openclaw/conectar-openclaw-a-whatsapp-y-telegram/,https://josetejero.com/blog/conectar-openclaw-a-whatsapp-y-telegram,301,TRUE,FALSE,FALSE,FALSE
aleliz.xyz/blog/openclaw/conectar-openclaw-a-whatsapp-y-telegram,https://josetejero.com/blog/conectar-openclaw-a-whatsapp-y-telegram,301,TRUE,FALSE,FALSE,FALSE
aleliz.xyz/blog/openclaw/configurar-api-keys-openclaw/,https://josetejero.com/blog/configurar-api-keys-openclaw,301,TRUE,FALSE,FALSE,FALSE
aleliz.xyz/blog/openclaw/configurar-api-keys-openclaw,https://josetejero.com/blog/configurar-api-keys-openclaw,301,TRUE,FALSE,FALSE,FALSE
aleliz.xyz/blog/openclaw/open-claw-introduccion/,https://josetejero.com/blog/open-claw-introduccion,301,TRUE,FALSE,FALSE,FALSE
aleliz.xyz/blog/openclaw/open-claw-introduccion,https://josetejero.com/blog/open-claw-introduccion,301,TRUE,FALSE,FALSE,FALSE
aleliz.xyz/,https://josetejero.com/,301,TRUE,TRUE,TRUE,FALSE
